event_id,latency_ms,input_chars,output_chars,provider_errors_5m,blocked,status_code,is_known_anomaly
EVT-0001,178,223,474,0,0,200,0
EVT-0002,148,1001,1245,0,0,200,0
EVT-0003,149,391,296,0,0,200,0
EVT-0004,118,1132,887,0,0,200,0
EVT-0005,198,453,923,0,0,200,0
EVT-0006,236,641,597,0,0,200,0
EVT-0007,191,650,887,0,0,200,0
EVT-0008,187,1370,938,0,0,200,0
EVT-0009,194,56,1215,0,0,200,0
EVT-0010,89,549,838,0,0,200,0
EVT-0011,171,1172,900,0,0,200,0
EVT-0012,214,491,805,0,0,200,0
EVT-0013,128,681,1301,0,0,200,0
EVT-0014,138,606,831,0,0,200,0
EVT-0015,199,95,566,0,0,200,0
EVT-0016,259,961,1277,0,0,200,0
EVT-0017,237,496,828,0,0,200,0
EVT-0018,168,445,787,0,0,200,0
EVT-0019,108,20,1426,0,0,200,0
EVT-0020,166,250,1133,0,0,200,0
EVT-0021,106,712,661,0,0,200,0
EVT-0022,169,513,386,0,0,200,0
EVT-0023,133,848,30,0,0,200,0
EVT-0024,122,622,1237,0,0,200,0
EVT-0025,215,817,762,0,0,200,0
EVT-0026,201,668,706,0,0,200,0
EVT-0027,200,319,223,0,0,200,0
EVT-0028,217,874,1329,0,0,200,0
EVT-0029,182,997,1262,0,0,200,0
EVT-0030,248,721,642,0,0,200,0
EVT-0031,178,477,389,0,0,200,0
EVT-0032,158,1034,876,0,0,200,0
EVT-0033,225,479,896,0,0,200,0
EVT-0034,195,612,1254,0,1,200,0
EVT-0035,144,338,1158,0,0,200,0
EVT-0036,157,833,688,0,0,200,0
EVT-0037,155,126,470,0,0,200,0
EVT-0038,185,963,814,0,1,200,0
EVT-0039,213,549,372,0,0,200,0
EVT-0040,184,519,1114,0,0,200,0
EVT-0041,177,738,884,0,0,200,0
EVT-0042,224,1222,631,0,0,200,0
EVT-0043,160,734,851,0,0,200,0
EVT-0044,125,549,593,0,0,200,0
EVT-0045,156,965,738,0,0,200,0
EVT-0046,187,582,703,0,0,200,0
EVT-0047,259,324,265,0,0,200,0
EVT-0048,221,515,825,0,0,200,0
EVT-0049,174,493,995,0,0,200,0
EVT-0050,158,1278,761,0,0,200,0
EVT-0051,207,329,886,0,0,200,0
EVT-0052,154,1370,1053,0,0,200,0
EVT-0053,133,431,908,0,0,200,0
EVT-0054,190,971,1362,0,0,200,0
EVT-0055,197,876,711,0,0,200,0
EVT-0056,184,1208,758,0,0,200,0
EVT-0057,165,501,956,0,0,200,0
EVT-0058,206,367,572,0,0,200,0
EVT-0059,110,840,435,0,0,200,0
EVT-0060,127,952,744,0,0,200,0
EVT-0061,176,582,1173,0,0,200,0
EVT-0062,211,658,1297,0,1,200,0
EVT-0063,121,926,1101,0,0,200,0
EVT-0064,173,680,640,0,0,200,0
EVT-0065,240,463,1193,0,0,200,0
EVT-0066,151,492,899,0,0,200,0
EVT-0067,136,578,867,0,0,200,0
EVT-0068,189,1060,496,0,0,200,0
EVT-0069,137,333,1167,0,0,200,0
EVT-0070,242,579,799,0,0,200,0
EVT-0071,241,596,1117,0,0,200,0
EVT-0072,228,391,1457,0,0,200,0
EVT-0073,227,987,1160,0,0,200,0
EVT-0074,192,611,1096,0,0,200,0
EVT-0075,256,659,1274,0,0,200,0
EVT-0076,184,422,665,0,0,200,0
EVT-0077,133,727,870,0,0,200,0
EVT-0078,176,330,471,0,0,200,0
EVT-0079,219,728,950,0,0,200,0
EVT-0080,189,597,1019,0,0,200,0
EVT-0081,199,823,636,0,0,200,0
EVT-0082,120,1056,788,0,1,200,0
EVT-0083,184,430,1374,0,0,200,0
EVT-0084,129,908,1043,0,0,200,0
EVT-0085,157,877,954,0,0,200,0
EVT-0086,209,954,849,0,0,200,0
EVT-0087,117,380,809,0,0,200,0
EVT-0088,134,338,696,0,0,200,0
EVT-0089,107,659,318,0,0,200,0
EVT-0090,181,608,1103,0,0,200,0
EVT-0091,201,258,1017,0,1,200,0
EVT-0092,239,384,1369,0,0,200,0
EVT-0093,167,471,1146,0,0,200,0
EVT-0094,195,819,1088,0,0,200,0
EVT-0095,262,532,1108,0,0,200,0
EVT-0096,260,583,913,0,0,200,0
EVT-0097,92,772,1183,0,0,200,0
EVT-0098,149,934,1033,0,0,200,0
EVT-0099,171,633,646,0,0,200,0
EVT-0100,161,780,973,0,0,200,0
EVT-0101,140,868,1119,0,0,200,0
EVT-0102,233,693,630,0,0,200,0
EVT-0103,177,755,1120,0,0,200,0
EVT-0104,149,496,868,0,1,200,0
EVT-0105,185,755,327,0,0,200,0
EVT-0106,176,495,1210,0,0,200,0
EVT-0107,143,1028,1641,0,0,200,0
EVT-0108,253,668,983,0,0,200,0
EVT-0109,208,793,1497,0,0,200,0
EVT-0110,203,739,804,0,0,200,0
EVT-0111,255,709,758,0,0,200,0
EVT-0112,156,228,789,0,0,200,0
EVT-0113,192,753,1295,0,0,200,0
EVT-0114,165,460,822,0,0,200,0
EVT-0115,155,581,645,0,1,200,0
EVT-0116,268,1181,1025,0,0,200,0
EVT-0117,218,778,710,0,0,200,0
EVT-0118,89,429,1000,0,0,200,0
EVT-0119,184,195,1537,0,0,200,0
EVT-0120,228,1025,1217,0,0,200,0
EVT-0121,156,983,937,0,0,200,0
EVT-0122,129,803,749,0,0,200,0
EVT-0123,214,538,1081,0,1,200,0
EVT-0124,149,866,1137,0,0,200,0
EVT-0125,145,916,573,0,0,200,0
EVT-0126,177,560,857,0,0,200,0
EVT-0127,152,550,907,0,1,200,0
EVT-0128,206,749,1375,0,0,200,0
EVT-0129,142,556,832,0,0,200,0
EVT-0130,153,537,308,0,0,200,0
EVT-0131,170,750,641,0,0,200,0
EVT-0132,193,517,503,0,0,200,0
EVT-0133,170,579,935,0,0,200,0
EVT-0134,204,804,399,0,0,200,0
EVT-0135,163,984,694,0,0,200,0
EVT-0136,189,753,435,0,0,200,0
EVT-0137,159,106,1322,0,0,200,0
EVT-0138,176,931,388,0,0,200,0
EVT-0139,181,647,74,0,0,200,0
EVT-0140,134,910,966,0,0,200,0
EVT-0141,169,402,697,0,0,200,0
EVT-0142,192,197,689,0,0,200,0
EVT-0143,158,1142,934,0,0,200,0
EVT-0144,184,924,589,0,0,200,0
EVT-0145,233,993,1332,0,0,200,0
EVT-0146,106,453,653,0,0,200,0
EVT-0147,155,768,865,0,0,200,0
EVT-0148,182,603,653,0,0,200,0
EVT-0149,192,664,594,0,0,200,0
EVT-0150,184,1004,1149,0,0,200,0
EVT-0151,180,447,512,0,0,200,0
EVT-0152,174,398,554,0,0,200,0
EVT-0153,122,569,375,0,1,200,0
EVT-0154,116,128,1098,0,0,200,0
EVT-0155,105,1200,846,0,0,200,0
EVT-0156,206,503,1429,0,0,200,0
EVT-0157,128,496,752,0,1,200,0
EVT-0158,148,520,915,0,0,200,0
EVT-0159,179,995,861,0,0,200,0
EVT-0160,214,996,619,0,0,200,0
EVT-0161,215,1039,917,0,1,200,0
EVT-0162,208,1300,816,0,0,200,0
EVT-0163,219,293,631,0,0,200,0
EVT-0164,203,813,1264,0,1,200,0
EVT-0165,172,1110,1238,0,0,200,0
EVT-0166,196,1185,668,0,0,200,0
EVT-0167,152,774,564,0,0,200,0
EVT-0168,170,489,1088,0,0,200,0
EVT-0169,225,826,525,0,0,200,0
EVT-0170,248,621,1151,0,0,200,0
EVT-0171,136,509,792,0,0,200,0
EVT-0172,150,276,839,0,0,200,0
EVT-0173,185,652,1199,0,0,200,0
EVT-0174,199,410,1313,0,1,200,0
EVT-0175,168,591,337,0,0,200,0
EVT-0176,126,1103,1457,0,0,200,0
EVT-0177,125,948,554,0,0,200,0
EVT-0178,114,733,1144,0,1,200,0
EVT-0179,39,885,959,0,0,200,0
EVT-0180,111,629,1456,0,1,200,0
EVT-0181,65,1184,869,0,1,200,0
EVT-0182,262,815,872,0,0,200,0
EVT-0183,223,846,499,0,0,200,0
EVT-0184,205,646,985,0,0,200,0
EVT-0185,181,602,434,1,1,500,0
EVT-0186,180,539,1016,0,0,200,0
EVT-0187,250,659,947,0,0,200,0
EVT-0188,129,686,787,0,0,200,0
EVT-0189,150,246,1186,0,0,200,0
EVT-0190,218,622,1001,0,0,200,0
EVT-0191,121,1016,570,0,0,200,0
EVT-0192,252,742,1289,0,0,200,0
EVT-0193,166,886,1283,0,0,200,0
EVT-0194,222,500,978,0,1,200,0
EVT-0195,213,645,465,0,0,200,0
EVT-0196,231,1095,772,0,1,200,0
EVT-0197,158,842,840,0,0,200,0
EVT-0198,134,63,790,0,0,200,0
EVT-0199,178,468,1369,0,1,200,0
EVT-0200,212,939,655,0,0,200,0
EVT-0201,243,681,1390,0,0,200,0
EVT-0202,132,696,799,0,0,200,0
EVT-0203,128,455,1098,0,0,200,0
EVT-0204,191,630,576,0,0,200,0
EVT-0205,141,587,1116,0,0,200,0
EVT-0206,173,834,999,0,0,200,0
EVT-0207,161,759,916,0,0,200,0
EVT-0208,239,486,670,0,0,200,0
EVT-0209,184,664,1348,0,0,200,0
EVT-0210,148,495,368,0,0,200,0
EVT-0211,202,805,674,0,0,200,0
EVT-0212,190,323,610,0,0,200,0
EVT-0213,197,462,543,0,0,200,0
EVT-0214,208,993,835,0,0,200,0
EVT-0215,129,636,746,0,0,200,0
EVT-0216,158,935,1397,0,0,200,0
EVT-0217,234,1127,1187,0,0,200,0
EVT-0218,194,259,449,0,0,200,0
EVT-0219,232,750,942,0,1,200,0
EVT-0220,189,675,1245,0,0,200,0
EVT-0221,178,115,919,0,0,200,0
EVT-0222,201,507,1011,0,1,200,0
EVT-0223,167,607,694,0,0,200,0
EVT-0224,192,456,1152,0,0,200,0
EVT-0225,174,874,1306,0,0,200,0
EVT-0226,191,395,971,0,0,200,0
EVT-0227,172,790,1118,0,0,200,0
EVT-0228,73,479,824,0,0,200,0
EVT-0229,200,517,548,1,0,500,0
EVT-0230,188,781,726,0,0,200,0
EVT-0231,277,383,1486,0,1,200,0
EVT-0232,130,1055,871,0,0,200,0
EVT-0233,115,930,852,0,0,200,0
EVT-0234,160,657,408,0,0,200,0
EVT-0235,159,793,957,0,0,200,0
EVT-0236,179,335,1005,0,0,200,0
EVT-0237,156,680,840,0,0,200,0
EVT-0238,152,646,883,0,0,200,0
EVT-0239,159,363,745,0,0,200,0
EVT-0240,252,498,800,0,0,200,0
EVT-0241,126,1147,200,0,1,200,0
EVT-0242,170,442,1140,0,0,200,0
EVT-0243,138,336,388,0,0,200,0
EVT-0244,151,299,785,0,0,200,0
EVT-0245,228,367,910,0,0,200,0
EVT-0246,103,387,892,0,0,200,0
EVT-0247,129,736,1072,0,0,200,0
EVT-0248,135,871,692,0,0,200,0
EVT-0249,136,20,1053,0,0,200,0
EVT-0250,160,528,1027,0,1,200,0
EVT-0251,191,754,1009,0,0,200,0
EVT-0252,200,906,947,0,0,200,0
EVT-0253,133,692,894,0,1,200,0
EVT-0254,170,802,324,0,0,200,0
EVT-0255,122,476,984,0,0,200,0
EVT-0256,129,386,793,0,0,200,0
EVT-0257,152,1063,944,0,0,200,0
EVT-0258,222,771,1110,0,0,200,0
EVT-0259,209,912,982,0,0,200,0
EVT-0260,205,690,717,0,0,200,0
EVT-0261,136,528,751,0,0,200,0
EVT-0262,202,790,875,0,0,200,0
EVT-0263,157,623,1631,0,0,200,0
EVT-0264,196,780,818,0,0,200,0
EVT-0265,115,633,707,0,0,200,0
EVT-0266,271,1020,882,0,0,200,0
EVT-0267,216,543,1178,0,0,200,0
EVT-0268,213,691,948,0,0,200,0
EVT-0269,155,823,735,0,0,200,0
EVT-0270,161,667,690,0,0,200,0
EVT-0271,129,86,1216,0,0,200,0
EVT-0272,173,565,892,0,0,200,0
EVT-0273,169,391,862,0,0,200,0
EVT-0274,184,347,1037,0,0,200,0
EVT-0275,177,391,720,0,0,200,0
EVT-0276,189,615,572,0,0,200,0
EVT-0277,203,816,1289,0,0,200,0
EVT-0278,175,445,732,1,0,500,0
EVT-0279,175,803,497,0,0,200,0
EVT-0280,193,752,670,0,0,200,0
EVT-0281,160,964,375,0,0,200,0
EVT-0282,182,769,1122,0,0,200,0
EVT-0283,227,910,852,0,0,200,0
EVT-0284,207,1068,996,0,0,200,0
EVT-0285,145,512,560,0,0,200,0
EVT-0286,185,1105,804,0,0,200,0
EVT-0287,214,671,743,0,0,200,0
EVT-0288,167,598,982,0,0,200,0
EVT-0289,193,628,781,0,0,200,0
EVT-0290,242,355,507,0,0,200,0
EVT-0291,162,845,1222,0,0,200,0
EVT-0292,113,449,1200,0,0,200,0
EVT-0293,203,804,959,0,0,200,0
EVT-0294,134,709,1270,0,0,200,0
EVT-0295,115,512,1491,0,0,200,0
EVT-0296,154,734,585,0,0,200,0
EVT-0297,185,684,616,0,0,200,0
EVT-0298,236,953,869,0,0,200,0
EVT-0299,154,1038,1023,0,0,200,0
EVT-0300,196,589,1105,0,0,200,0
EVT-0301,181,528,1265,0,0,200,0
EVT-0302,186,1009,996,0,0,200,0
EVT-0303,191,609,885,0,0,200,0
EVT-0304,186,383,645,0,0,200,0
EVT-0305,204,675,893,0,0,200,0
EVT-0306,143,917,459,0,0,200,0
EVT-0307,255,842,932,0,0,200,0
EVT-0308,124,847,1372,1,0,500,0
EVT-0309,269,392,1115,0,0,200,0
EVT-0310,138,594,764,0,0,200,0
EVT-0311,131,787,447,0,0,200,0
EVT-0312,221,359,853,0,0,200,0
EVT-0313,176,548,584,0,0,200,0
EVT-0314,181,465,333,0,0,200,0
EVT-0315,227,625,1322,0,0,200,0
EVT-0316,105,623,937,0,0,200,0
EVT-0317,136,834,828,0,0,200,0
EVT-0318,159,1057,826,0,0,200,0
EVT-0319,160,775,1089,0,0,200,0
EVT-0320,262,388,1071,0,0,200,0
EVT-0321,117,416,1141,0,0,200,0
EVT-0322,77,1354,607,0,0,200,0
EVT-0323,157,685,668,0,1,200,0
EVT-0324,182,613,299,0,1,200,0
EVT-0325,206,957,773,0,0,200,0
EVT-0326,213,489,571,0,0,200,0
EVT-0327,165,932,500,0,0,200,0
EVT-0328,178,1072,960,0,0,200,0
EVT-0329,216,836,1108,0,0,200,0
EVT-0330,141,415,431,0,0,200,0
EVT-0331,144,741,482,0,0,200,0
EVT-0332,229,356,767,0,0,200,0
EVT-0333,188,720,864,0,0,200,0
EVT-0334,239,671,639,0,0,200,0
EVT-0335,209,822,1054,0,0,200,0
EVT-0336,124,456,1130,0,0,200,0
EVT-0337,211,714,926,0,0,200,0
EVT-0338,218,733,784,0,0,200,0
EVT-0339,244,735,559,0,1,200,0
EVT-0340,205,597,912,0,0,200,0
EVT-0341,171,751,410,0,0,200,0
EVT-0342,185,789,460,0,0,200,0
EVT-0343,209,617,329,0,0,200,0
EVT-0344,88,693,1144,0,0,200,0
EVT-0345,201,320,1391,0,0,200,0
EVT-0346,161,602,1309,0,0,200,0
EVT-0347,169,731,1069,0,0,200,0
EVT-0348,132,549,1205,0,0,200,0
EVT-0349,153,372,1229,0,0,200,0
EVT-0350,136,282,902,0,0,200,0
EVT-0351,172,1004,1126,0,0,200,0
EVT-0352,97,637,788,0,0,200,0
EVT-0353,184,1063,960,0,0,200,0
EVT-0354,93,950,659,0,0,200,0
EVT-0355,173,793,809,0,0,200,0
EVT-0356,149,1089,998,0,0,200,0
EVT-0357,227,635,1078,0,1,200,0
EVT-0358,163,699,649,0,0,200,0
EVT-0359,249,754,921,0,0,200,0
EVT-0360,165,623,1010,0,0,200,0
EVT-0361,135,191,411,0,0,200,0
EVT-0362,231,384,737,0,0,200,0
EVT-0363,111,440,529,0,0,200,0
EVT-0364,171,681,625,0,0,200,0
EVT-0365,205,262,1106,0,0,200,0
EVT-0366,167,610,1223,0,1,200,0
EVT-0367,111,569,1204,0,0,200,0
EVT-0368,216,574,1451,0,0,200,0
EVT-0369,153,808,475,0,0,200,0
EVT-0370,102,675,797,0,0,200,0
EVT-0371,179,896,580,0,0,200,0
EVT-0372,126,470,848,0,1,200,0
EVT-0373,279,510,1135,0,0,200,0
EVT-0374,161,504,1505,0,0,200,0
EVT-0375,146,1067,552,0,0,200,0
EVT-0376,117,703,534,0,0,200,0
EVT-0377,156,877,1028,0,0,200,0
EVT-0378,169,888,1035,0,0,200,0
EVT-0379,147,991,934,0,0,200,0
EVT-0380,115,637,880,0,0,200,0
EVT-0381,160,594,901,0,0,200,0
EVT-0382,251,879,1213,0,0,200,0
EVT-0383,92,802,1032,0,0,200,0
EVT-0384,200,629,1031,0,0,200,0
EVT-0385,118,980,840,0,0,200,0
EVT-0386,176,512,750,0,0,200,0
EVT-0387,173,1137,1322,0,0,200,0
EVT-0388,199,797,849,0,1,200,0
EVT-0389,103,580,1439,0,0,200,0
EVT-0390,143,825,1640,0,0,200,0
EVT-0391,179,404,702,0,0,200,0
EVT-0392,192,626,694,0,0,200,0
EVT-0393,300,772,931,0,0,200,0
EVT-0394,229,586,791,0,0,200,0
EVT-0395,224,609,974,0,0,200,0
EVT-0396,223,935,1080,0,0,200,0
EVT-0397,138,692,525,0,0,200,0
EVT-0398,138,659,869,0,0,200,0
EVT-0399,246,597,1355,0,0,200,0
EVT-0400,250,790,1226,0,0,200,0
EVT-0401,239,860,673,0,0,200,0
EVT-0402,194,20,904,0,0,200,0
EVT-0403,92,879,850,0,0,200,0
EVT-0404,264,511,975,0,0,200,0
EVT-0405,234,551,1302,0,0,200,0
EVT-0406,150,799,968,0,0,200,0
EVT-0407,158,675,1195,0,0,200,0
EVT-0408,147,393,767,0,0,200,0
EVT-0409,204,835,974,0,0,200,0
EVT-0410,215,791,530,0,0,200,0
EVT-0411,184,649,921,0,0,200,0
EVT-0412,151,538,901,0,0,200,0
EVT-0413,202,635,384,0,0,200,0
EVT-0414,253,923,964,0,0,200,0
EVT-0415,155,507,743,0,0,200,0
EVT-0416,146,69,1125,0,0,200,0
EVT-0417,186,524,1275,0,0,200,0
EVT-0418,118,637,497,0,0,200,0
EVT-0419,178,835,942,0,0,200,0
EVT-0420,134,456,1109,0,0,200,0
EVT-0421,201,823,1064,0,0,200,0
EVT-0422,110,462,717,0,0,200,0
EVT-0423,195,908,706,0,0,200,0
EVT-0424,203,438,1043,0,0,200,0
EVT-0425,225,815,1373,0,0,200,0
EVT-0426,168,927,734,0,0,200,0
EVT-0427,162,670,986,0,0,200,0
EVT-0428,143,591,1129,0,0,200,0
EVT-0429,84,474,518,0,0,200,0
EVT-0430,175,565,324,0,0,200,0
EVT-0431,180,605,878,0,0,200,0
EVT-0432,129,898,993,0,0,200,0
EVT-0433,167,234,347,0,0,200,0
EVT-0434,205,713,695,0,0,200,0
EVT-0435,176,1023,844,0,1,200,0
EVT-0436,183,495,605,0,0,200,0
EVT-0437,177,248,709,0,0,200,0
EVT-0438,257,1014,789,0,0,200,0
EVT-0439,199,772,1098,0,1,200,0
EVT-0440,116,510,921,0,0,200,0
EVT-0441,215,408,1370,0,0,200,0
EVT-0442,219,1051,1361,0,0,200,0
EVT-0443,171,654,673,0,0,200,0
EVT-0444,190,474,1081,0,0,200,0
EVT-0445,137,757,479,0,0,200,0
EVT-0446,181,895,974,0,0,200,0
EVT-0447,269,435,1056,0,1,200,0
EVT-0448,155,368,712,0,0,200,0
EVT-0449,197,570,569,0,0,200,0
EVT-0450,134,862,1337,0,0,200,0
EVT-0451,120,634,613,0,0,200,0
EVT-0452,86,142,1030,0,0,200,0
EVT-0453,87,946,726,0,0,200,0
EVT-0454,145,739,1085,0,0,200,0
EVT-0455,152,666,1106,0,0,200,0
EVT-0456,223,467,909,0,0,200,0
EVT-0457,157,800,812,0,0,200,0
EVT-0458,155,729,627,0,0,200,0
EVT-0459,131,540,1460,0,0,200,0
EVT-0460,176,151,661,0,0,200,0
EVT-0461,163,578,1635,0,0,200,0
EVT-0462,213,674,32,0,0,200,0
EVT-0463,193,559,548,0,0,200,0
EVT-0464,159,715,1191,0,0,200,0
EVT-0465,183,357,1027,0,0,200,0
EVT-0466,161,770,1050,0,0,200,0
EVT-0467,265,669,640,0,0,200,0
EVT-0468,186,593,576,0,0,200,0
EVT-0469,181,343,940,0,0,200,0
EVT-0470,156,1143,429,0,0,200,0
EVT-0471,225,556,964,0,1,200,0
EVT-0472,109,516,1175,0,0,200,0
EVT-0473,170,692,1061,0,0,200,0
EVT-0474,167,1094,828,0,0,200,0
EVT-0475,98,902,701,0,0,200,0
EVT-0476,92,388,1397,0,0,200,0
EVT-0477,207,852,486,0,0,200,0
EVT-0478,106,434,1004,0,0,200,0
EVT-0479,194,140,1242,0,0,200,0
EVT-0480,208,870,634,0,0,200,0
EVT-0481,141,634,654,0,0,200,0
EVT-0482,233,462,838,0,0,200,0
EVT-0483,132,788,830,0,0,200,0
EVT-0484,94,949,1277,0,0,200,0
EVT-0485,175,638,775,0,0,200,0
EVT-0486,207,520,164,0,0,200,0
EVT-0487,183,859,606,0,0,200,0
EVT-0488,108,356,1263,0,0,200,0
EVT-0489,207,1056,727,0,0,200,0
EVT-0490,187,870,1084,0,0,200,0
EVT-0491,239,827,564,0,0,200,0
EVT-0492,213,343,669,0,0,200,0
EVT-0493,249,519,734,0,0,200,0
EVT-0494,193,20,1120,0,0,200,0
EVT-0495,163,390,1083,0,0,200,0
EVT-0496,185,1009,1324,0,0,200,0
EVT-0497,166,944,1101,0,0,200,0
EVT-0498,205,786,931,0,0,200,0
EVT-0499,215,567,857,0,1,200,0
EVT-0500,207,560,864,0,0,200,0
EVT-0501,161,905,736,0,0,200,0
EVT-0502,217,741,1029,0,0,200,0
EVT-0503,167,526,880,0,0,200,0
EVT-0504,160,242,1347,0,1,200,0
EVT-0505,156,412,876,0,1,200,0
EVT-0506,199,356,498,0,0,200,0
EVT-0507,168,567,1284,0,0,200,0
EVT-0508,164,237,827,0,1,200,0
EVT-0509,149,391,1149,0,0,200,0
EVT-0510,171,824,542,0,0,200,0
EVT-0511,154,951,155,0,0,200,0
EVT-0512,185,952,959,0,0,200,0
EVT-0513,235,610,855,0,0,200,0
EVT-0514,207,1009,757,0,0,200,0
EVT-0515,209,1009,856,0,0,200,0
EVT-0516,199,620,1661,0,1,200,0
EVT-0517,183,986,932,0,0,200,0
EVT-0518,233,623,1178,0,1,200,0
EVT-0519,242,713,953,0,0,200,0
EVT-0520,175,990,1223,0,0,200,0
EVT-0521,135,537,1114,0,0,200,0
EVT-0522,136,503,851,0,0,200,0
EVT-0523,235,573,1465,0,0,200,0
EVT-0524,201,563,741,0,0,200,0
EVT-0525,175,837,383,0,0,200,0
EVT-0526,25,759,680,0,0,200,0
EVT-0527,197,696,708,0,0,200,0
EVT-0528,99,774,747,0,0,200,0
EVT-0529,260,248,310,0,0,200,0
EVT-0530,85,534,659,0,0,200,0
EVT-0531,132,1137,1382,0,1,200,0
EVT-0532,255,804,911,0,0,200,0
EVT-0533,135,667,1471,0,0,200,0
EVT-0534,224,1009,532,0,0,200,0
EVT-0535,223,607,645,0,0,200,0
EVT-0536,153,778,883,0,0,200,0
EVT-0537,254,674,925,0,0,200,0
EVT-0538,112,791,489,0,0,200,0
EVT-0539,296,568,1262,0,0,200,0
EVT-0540,192,1369,941,0,0,200,0
EVT-0541,170,940,1000,0,0,200,0
EVT-0542,205,526,780,0,0,200,0
EVT-0543,252,1067,1306,0,0,200,0
EVT-0544,106,681,843,0,0,200,0
EVT-0545,128,401,914,0,0,200,0
EVT-0546,178,361,392,0,0,200,0
EVT-0547,160,720,528,0,1,200,0
EVT-0548,173,636,802,0,0,200,0
EVT-0549,161,878,565,0,0,200,0
EVT-0550,259,708,1383,0,0,200,0
EVT-0551,193,861,1313,0,0,200,0
EVT-0552,204,1091,985,0,0,200,0
EVT-0553,180,933,1484,0,0,200,0
EVT-0554,158,658,1024,0,0,200,0
EVT-0555,220,803,1513,0,0,200,0
EVT-0556,266,946,586,0,1,200,0
EVT-0557,184,570,638,0,1,200,0
EVT-0558,149,1110,1100,0,0,200,0
EVT-0559,103,914,1004,0,0,200,0
EVT-0560,118,337,1094,0,0,200,0
EVT-0561,175,598,476,0,1,200,0
EVT-0562,173,573,482,0,0,200,0
EVT-0563,217,862,674,0,0,200,0
EVT-0564,220,698,973,0,0,200,0
EVT-0565,114,620,634,0,0,200,0
EVT-0566,226,316,982,0,0,200,0
EVT-0567,114,609,1044,0,0,200,0
EVT-0568,206,866,998,0,0,200,0
EVT-0569,185,739,1035,0,0,200,0
EVT-0570,227,477,314,0,0,200,0
EVT-0571,156,722,358,3,0,500,1
EVT-0572,202,654,3,0,0,200,1
EVT-0573,149,22347,356,0,0,200,1
EVT-0574,189,735,609,9,0,500,1
EVT-0575,182,18088,1200,0,0,200,1
EVT-0576,4748,818,1168,0,0,200,1
EVT-0577,3946,624,852,0,0,200,1
EVT-0578,210,11925,1243,0,0,200,1
EVT-0579,265,20099,955,0,0,200,1
EVT-0580,175,10818,1288,0,0,200,1
EVT-0581,215,566,936,5,0,500,1
EVT-0582,261,716,2,0,0,200,1
EVT-0583,188,18823,676,0,0,200,1
EVT-0584,210,835,0,0,0,200,1
EVT-0585,202,19313,1043,0,0,200,1
EVT-0586,207,990,452,10,0,500,1
EVT-0587,168,11743,1012,0,0,200,1
EVT-0588,119,652,8,0,0,200,1
EVT-0589,129,652,764,10,0,500,1
EVT-0590,219,324,10,0,0,200,1
EVT-0591,3590,1161,676,0,0,200,1
EVT-0592,189,433,1041,5,0,500,1
EVT-0593,179,755,902,8,0,500,1
EVT-0594,142,19176,719,0,0,200,1
EVT-0595,134,775,413,8,0,500,1
EVT-0596,224,533,1035,6,0,500,1
EVT-0597,154,463,1434,4,0,500,1
EVT-0598,222,751,835,4,0,500,1
EVT-0599,209,689,994,7,0,500,1
EVT-0600,217,773,1305,5,0,500,1
