observation_id,search_minutes,wrong_document,expert_escalation
OBS001,7,0,0
OBS002,8,0,0
OBS003,8,0,1
OBS004,9,0,0
OBS005,9,0,0
OBS006,9,0,0
OBS007,10,0,0
OBS008,10,0,1
OBS009,10,1,0
OBS010,10,0,0
OBS011,10,0,0
OBS012,10,0,0
OBS013,10,0,0
OBS014,10,0,1
OBS015,10,0,0
OBS016,11,0,0
OBS017,11,0,0
OBS018,11,0,0
OBS019,11,0,0
OBS020,11,0,0
OBS021,11,0,1
OBS022,11,0,0
OBS023,11,0,0
OBS024,11,0,0
OBS025,11,0,0
OBS026,11,0,0
OBS027,11,0,0
OBS028,11,0,1
OBS029,11,0,0
OBS030,11,0,0
OBS031,12,1,0
OBS032,12,0,0
OBS033,12,0,0
OBS034,12,0,1
OBS035,12,0,0
OBS036,12,0,0
OBS037,13,0,0
OBS038,13,0,0
OBS039,13,0,1
OBS040,13,0,0
OBS041,14,0,0
OBS042,14,0,0
OBS043,14,0,0
OBS044,15,0,1
OBS045,15,0,0
OBS046,16,0,0
OBS047,16,1,0
OBS048,17,0,0
OBS049,18,0,1
OBS050,20,0,0
