activity_id,activity,capability_area
A01,Definir problema y KPI del producto,Product
A02,Aprobar uso de una fuente documental,Data/Knowledge
A03,Implementar pipeline de ingestión,Data/Knowledge
A04,Modificar prompt RAG,AI Engineering
A05,Cambiar modelo productivo,AI Platform
A06,Cambiar embedding model,AI Platform/Data
A07,Publicar nueva versión del índice,Data/Knowledge
A08,Añadir una tool read-only,AI Engineering
A09,Añadir una tool de escritura,AI Engineering/Security
A10,Aceptar riesgo residual HIGH,Risk
A11,Desplegar a producción,Service/Platform
A12,Responder a provider outage,Service Operations
A13,Responder a unauthorized retrieval,Security/Service
A14,Aprobar criterios de negocio del piloto,Product/Domain
A15,Modificar política de retención de traces,Privacy/Risk
